benchmark,risk_measure,risk_level,frontier_point,position,of,expected_return,risk_annualised,IL_Equity,US_Equity,EU_Equity,Foreign_Bond,IL_Bond_Unlinked,IL_Bond_Linked,Cash
CPI,symmetric,low,min_risk,1,12,0.050275120866274316,0.06882381601775056,0.15,0.14,0.1,0.15,0.2,0.15,0.11
CPI,symmetric,low_medium,k=3,4,12,0.06442348345410463,0.08714661477839317,0.19,0.21,0.2,0.08,0.13,0.12,0.07
CPI,symmetric,medium,k=6,7,12,0.07857184604196844,0.10699191864761035,0.24,0.28,0.29,0.02,0.05,0.08,0.04
CPI,symmetric,risk_oriented,k=8,9,12,0.08800408776723369,0.12192354447052459,0.26,0.33,0.37,0.0,0.0,0.04,0.0
CPI,symmetric,high,max_return,12,12,0.10215245035509243,0.14304079180483217,0.0,0.0,1.0,0.0,0.0,0.0,0.0
CPI,asymmetric,low,min_risk,1,12,0.05090949934448233,0.04262660147937773,0.15,0.15,0.1,0.15,0.2,0.15,0.1
CPI,asymmetric,low_medium,k=3,4,12,0.06488484962008997,0.052052755600499954,0.19,0.22,0.2,0.08,0.13,0.11,0.07
CPI,asymmetric,medium,k=6,7,12,0.07886019989569384,0.06185764691860566,0.24,0.28,0.3,0.02,0.05,0.08,0.03
CPI,asymmetric,risk_oriented,k=8,9,12,0.08817710007947499,0.0690021240601177,0.26,0.33,0.37,0.0,0.0,0.04,0.0
CPI,asymmetric,high,max_return,12,12,0.10215245035509243,0.06893980334145745,0.0,0.0,1.0,0.0,0.0,0.0,0.0
CPI,markowitz,low,min_risk,1,12,0.04994492916690124,0.07618341623198785,0.14,0.14,0.09,0.15,0.21,0.16,0.11
CPI,markowitz,low_medium,k=3,4,12,0.06418334403645157,0.09818562615606417,0.19,0.21,0.19,0.08,0.13,0.12,0.08
CPI,markowitz,medium,k=6,7,12,0.07842175890588747,0.12148680422426761,0.24,0.28,0.29,0.02,0.05,0.08,0.04
CPI,markowitz,risk_oriented,k=8,9,12,0.08791403548558323,0.13915947745350224,0.26,0.33,0.37,0.0,0.0,0.04,0.0
CPI,markowitz,high,max_return,12,12,0.10215245035509243,0.16252429244615468,0.0,0.0,1.0,0.0,0.0,0.0,0.0
USD,symmetric,low,min_risk,1,12,0.04922599450874652,0.15188028606001958,0.14,0.14,0.09,0.15,0.21,0.16,0.11
USD,symmetric,low_medium,k=3,4,12,0.06366048246688592,0.16928564984970068,0.18,0.21,0.19,0.09,0.13,0.12,0.08
USD,symmetric,medium,k=6,7,12,0.07809497042489051,0.18783830918271285,0.23,0.28,0.29,0.01,0.06,0.09,0.04
USD,symmetric,risk_oriented,k=8,9,12,0.08771796239703562,0.20210520583248498,0.26,0.32,0.37,0.0,0.0,0.05,0.0
USD,symmetric,high,max_return,12,12,0.10215245035509243,0.21311100811592468,0.0,0.0,1.0,0.0,0.0,0.0,0.0
USD,asymmetric,low,min_risk,1,12,0.05059851105592542,0.09111867372660275,0.14,0.15,0.1,0.15,0.2,0.15,0.11
USD,asymmetric,low_medium,k=3,4,12,0.06465867631935399,0.10008799281363802,0.19,0.21,0.2,0.08,0.13,0.12,0.07
USD,asymmetric,medium,k=6,7,12,0.07871884158273658,0.10952476897200451,0.23,0.28,0.3,0.02,0.06,0.08,0.03
USD,asymmetric,risk_oriented,k=8,9,12,0.08809228509168815,0.11640131707448065,0.26,0.33,0.37,0.0,0.0,0.04,0.0
USD,asymmetric,high,max_return,12,12,0.10215245035509243,0.10834586748431747,0.0,0.0,1.0,0.0,0.0,0.0,0.0
USD,markowitz,low,min_risk,1,12,0.04994492916690124,0.07618341623198785,0.14,0.14,0.09,0.15,0.21,0.16,0.11
USD,markowitz,low_medium,k=3,4,12,0.06418334403645157,0.09818562615606417,0.19,0.21,0.19,0.08,0.13,0.12,0.08
USD,markowitz,medium,k=6,7,12,0.07842175890588747,0.12148680422426761,0.24,0.28,0.29,0.02,0.05,0.08,0.04
USD,markowitz,risk_oriented,k=8,9,12,0.08791403548558323,0.13915947745350224,0.26,0.33,0.37,0.0,0.0,0.04,0.0
USD,markowitz,high,max_return,12,12,0.10215245035509243,0.16252429244615468,0.0,0.0,1.0,0.0,0.0,0.0,0.0
ILS_RATE,symmetric,low,min_risk,1,12,0.0503012483729655,0.06452803916346397,0.15,0.14,0.1,0.15,0.2,0.15,0.11
ILS_RATE,symmetric,low_medium,k=3,4,12,0.06444248527712791,0.08339923345487793,0.19,0.21,0.2,0.08,0.13,0.12,0.07
ILS_RATE,symmetric,medium,k=6,7,12,0.07858372218137831,0.10363839069874554,0.24,0.28,0.29,0.02,0.05,0.08,0.04
ILS_RATE,symmetric,risk_oriented,k=8,9,12,0.08801121345086733,0.11876819824284864,0.26,0.33,0.37,0.0,0.0,0.04,0.0
ILS_RATE,symmetric,high,max_return,12,12,0.10215245035509243,0.14151124950800523,0.0,0.0,1.0,0.0,0.0,0.0,0.0
ILS_RATE,asymmetric,low,min_risk,1,12,0.0509322446269357,0.04001803506569575,0.15,0.15,0.1,0.15,0.2,0.15,0.1
ILS_RATE,asymmetric,low_medium,k=3,4,12,0.06490139164370708,0.049527498445941474,0.19,0.22,0.2,0.08,0.13,0.11,0.07
ILS_RATE,asymmetric,medium,k=6,7,12,0.07887053866049804,0.05954003243895663,0.24,0.28,0.3,0.02,0.05,0.08,0.03
ILS_RATE,asymmetric,risk_oriented,k=8,9,12,0.08818330333832876,0.06674910464757365,0.26,0.33,0.37,0.0,0.0,0.04,0.0
ILS_RATE,asymmetric,high,max_return,12,12,0.10215245035509243,0.06699316394210665,0.0,0.0,1.0,0.0,0.0,0.0,0.0
ILS_RATE,markowitz,low,min_risk,1,12,0.04994492916690124,0.07618341623198785,0.14,0.14,0.09,0.15,0.21,0.16,0.11
ILS_RATE,markowitz,low_medium,k=3,4,12,0.06418334403645157,0.09818562615606417,0.19,0.21,0.19,0.08,0.13,0.12,0.08
ILS_RATE,markowitz,medium,k=6,7,12,0.07842175890588747,0.12148680422426761,0.24,0.28,0.29,0.02,0.05,0.08,0.04
ILS_RATE,markowitz,risk_oriented,k=8,9,12,0.08791403548558323,0.13915947745350224,0.26,0.33,0.37,0.0,0.0,0.04,0.0
ILS_RATE,markowitz,high,max_return,12,12,0.10215245035509243,0.16252429244615468,0.0,0.0,1.0,0.0,0.0,0.0,0.0
EUR,symmetric,low,min_risk,1,12,0.04923392496856899,0.1585660414697985,0.13,0.14,0.09,0.16,0.21,0.16,0.11
EUR,symmetric,low_medium,k=3,4,12,0.0636662500739337,0.17526217393223795,0.18,0.21,0.19,0.09,0.13,0.12,0.08
EUR,symmetric,medium,k=6,7,12,0.07809857517939882,0.19319875938394518,0.22,0.28,0.3,0.02,0.05,0.09,0.04
EUR,symmetric,risk_oriented,k=8,9,12,0.0877201252497117,0.2064404267071126,0.25,0.33,0.37,0.0,0.0,0.05,0.0
EUR,symmetric,high,max_return,12,12,0.10215245035509243,0.2107802084558447,0.0,0.0,1.0,0.0,0.0,0.0,0.0
EUR,asymmetric,low,min_risk,1,12,0.05036179744529188,0.10562928102557986,0.14,0.15,0.1,0.15,0.2,0.15,0.11
EUR,asymmetric,low_medium,k=3,4,12,0.06448652096614896,0.1156840584641505,0.19,0.21,0.2,0.08,0.13,0.12,0.07
EUR,asymmetric,medium,k=6,7,12,0.07861124448701909,0.12560590722847495,0.23,0.28,0.3,0.02,0.06,0.08,0.03
EUR,asymmetric,risk_oriented,k=8,9,12,0.08802772683423635,0.13256805862083182,0.26,0.33,0.37,0.0,0.0,0.04,0.0
EUR,asymmetric,high,max_return,12,12,0.10215245035509243,0.12515915853005988,0.0,0.0,1.0,0.0,0.0,0.0,0.0
EUR,markowitz,low,min_risk,1,12,0.04994492916690124,0.07618341623198785,0.14,0.14,0.09,0.15,0.21,0.16,0.11
EUR,markowitz,low_medium,k=3,4,12,0.06418334403645157,0.09818562615606417,0.19,0.21,0.19,0.08,0.13,0.12,0.08
EUR,markowitz,medium,k=6,7,12,0.07842175890588747,0.12148680422426761,0.24,0.28,0.29,0.02,0.05,0.08,0.04
EUR,markowitz,risk_oriented,k=8,9,12,0.08791403548558323,0.13915947745350224,0.26,0.33,0.37,0.0,0.0,0.04,0.0
EUR,markowitz,high,max_return,12,12,0.10215245035509243,0.16252429244615468,0.0,0.0,1.0,0.0,0.0,0.0,0.0
